mean_fit_time,std_fit_time,mean_score_time,std_score_time,param_max_depth,param_max_features,param_min_samples_split,param_n_estimators,params,split0_test_score,split1_test_score,split2_test_score,split3_test_score,split4_test_score,mean_test_score,std_test_score,rank_test_score,split0_train_score,split1_train_score,split2_train_score,split3_train_score,split4_train_score,mean_train_score,std_train_score
0.26842494010925294,0.036416322210697884,0.01281290054321289,0.0035834096494215648,3,sqrt,2,50,"{'max_depth': 3, 'max_features': 'sqrt', 'min_samples_split': 2, 'n_estimators': 50}",1.0,0.9581699346405229,0.9153439153439153,0.9581699346405229,1.0,0.9663367569249923,0.03162306668752773,1,0.9682539682539683,0.9894179894179894,1.0,0.9894179894179894,0.9791463017269469,0.9852472497633787,0.010755714401921667
0.38020806312561034,0.032451275203990514,0.015291643142700196,0.0011459650688616485,3,sqrt,2,100,"{'max_depth': 3, 'max_features': 'sqrt', 'min_samples_split': 2, 'n_estimators': 100}",1.0,0.9581699346405229,0.9153439153439153,0.9581699346405229,1.0,0.9663367569249923,0.03162306668752773,1,0.9682539682539683,0.9894179894179894,1.0,0.9894179894179894,0.9791463017269469,0.9852472497633787,0.010755714401921667
0.4997386932373047,0.09363057892603523,0.024383068084716797,0.0016109533341414082,3,sqrt,2,200,"{'max_depth': 3, 'max_features': 'sqrt', 'min_samples_split': 2, 'n_estimators': 200}",0.9581699346405229,0.9581699346405229,0.9153439153439153,0.9581699346405229,1.0,0.9579707438530969,0.02677171608964413,31,0.9682539682539683,0.9894179894179894,0.9788306451612904,0.9894179894179894,0.9791463017269469,0.9810133787956369,0.00790351592263218
0.10399260520935058,0.004359492343135708,0.010654830932617187,0.0018198729034609033,3,sqrt,5,50,"{'max_depth': 3, 'max_features': 'sqrt', 'min_samples_split': 5, 'n_estimators': 50}",1.0,0.9581699346405229,0.9153439153439153,0.9581699346405229,1.0,0.9663367569249923,0.03162306668752773,1,0.9682539682539683,0.9894179894179894,0.989407313997478,0.9894179894179894,0.9687423687423687,0.9810479259659587,0.010247998684258275
0.1995664119720459,0.007829752526056426,0.013246297836303711,0.0011656552787821335,3,sqrt,5,100,"{'max_depth': 3, 'max_features': 'sqrt', 'min_samples_split': 5, 'n_estimators': 100}",1.0,0.9581699346405229,0.9153439153439153,0.9581699346405229,1.0,0.9663367569249923,0.03162306668752773,1,0.9682539682539683,0.9894179894179894,0.989407313997478,0.9894179894179894,0.9791463017269469,0.9831287125628745,0.008433842030968166
0.40218029022216795,0.027014252966067496,0.02983689308166504,0.007195477868009409,3,sqrt,5,200,"{'max_depth': 3, 'max_features': 'sqrt', 'min_samples_split': 5, 'n_estimators': 200}",0.9581699346405229,0.9581699346405229,0.9153439153439153,0.9581699346405229,1.0,0.9579707438530969,0.02677171608964413,31,0.9682539682539683,0.9894179894179894,0.9682539682539683,0.9894179894179894,0.9791463017269469,0.9788980434141724,0.009465651927558532
0.1075401782989502,0.006963529934921854,0.009160995483398438,0.0006878196591660341,3,sqrt,10,50,"{'max_depth': 3, 'max_features': 'sqrt', 'min_samples_split': 10, 'n_estimators': 50}",1.0,0.9581699346405229,0.9153439153439153,0.9581699346405229,1.0,0.9663367569249923,0.03162306668752773,1,0.9682539682539683,0.9894179894179894,0.989407313997478,0.9894179894179894,0.9687423687423687,0.9810479259659587,0.010247998684258275
0.20111351013183593,0.003336071330052203,0.014240360260009766,0.0018424273239124969,3,sqrt,10,100,"{'max_depth': 3, 'max_features': 'sqrt', 'min_samples_split': 10, 'n_estimators': 100}",1.0,0.9581699346405229,0.9153439153439153,0.9581699346405229,1.0,0.9663367569249923,0.03162306668752773,1,0.9682539682539683,0.9894179894179894,1.0,0.9894179894179894,0.9791463017269469,0.9852472497633787,0.010755714401921667
0.37350826263427733,0.009603893169241685,0.02563486099243164,0.0038763923715566277,3,sqrt,10,200,"{'max_depth': 3, 'max_features': 'sqrt', 'min_samples_split': 10, 'n_estimators': 200}",0.9581699346405229,0.9581699346405229,0.9153439153439153,0.9581699346405229,1.0,0.9579707438530969,0.02677171608964413,31,0.9682539682539683,0.9894179894179894,0.9682539682539683,0.9894179894179894,0.9791463017269469,0.9788980434141724,0.009465651927558532
0.11779794692993165,0.026592542593384946,0.012503910064697265,0.003501046547821367,3,log2,2,50,"{'max_depth': 3, 'max_features': 'log2', 'min_samples_split': 2, 'n_estimators': 50}",1.0,0.9581699346405229,0.9153439153439153,0.9581699346405229,1.0,0.9663367569249923,0.03162306668752773,1,0.9682539682539683,0.9894179894179894,1.0,0.9894179894179894,0.9791463017269469,0.9852472497633787,0.010755714401921667
0.23712897300720215,0.043390162711556324,0.018463802337646485,0.00267706168763287,3,log2,2,100,"{'max_depth': 3, 'max_features': 'log2', 'min_samples_split': 2, 'n_estimators': 100}",1.0,0.9581699346405229,0.9153439153439153,0.9581699346405229,1.0,0.9663367569249923,0.03162306668752773,1,0.9682539682539683,0.9894179894179894,1.0,0.9894179894179894,0.9791463017269469,0.9852472497633787,0.010755714401921667
0.44099698066711424,0.08185665785966836,0.027348947525024415,0.006689172332148524,3,log2,2,200,"{'max_depth': 3, 'max_features': 'log2', 'min_samples_split': 2, 'n_estimators': 200}",0.9581699346405229,0.9581699346405229,0.9153439153439153,0.9581699346405229,1.0,0.9579707438530969,0.02677171608964413,31,0.9682539682539683,0.9894179894179894,0.9788306451612904,0.9894179894179894,0.9791463017269469,0.9810133787956369,0.00790351592263218
0.10789093971252442,0.01839248126187508,0.010544872283935547,0.002576821683329549,3,log2,5,50,"{'max_depth': 3, 'max_features': 'log2', 'min_samples_split': 5, 'n_estimators': 50}",1.0,0.9581699346405229,0.9153439153439153,0.9581699346405229,1.0,0.9663367569249923,0.03162306668752773,1,0.9682539682539683,0.9894179894179894,0.989407313997478,0.9894179894179894,0.9687423687423687,0.9810479259659587,0.010247998684258275
0.210050630569458,0.04478918745907677,0.017081546783447265,0.005178498324556966,3,log2,5,100,"{'max_depth': 3, 'max_features': 'log2', 'min_samples_split': 5, 'n_estimators': 100}",1.0,0.9581699346405229,0.9153439153439153,0.9581699346405229,1.0,0.9663367569249923,0.03162306668752773,1,0.9682539682539683,0.9894179894179894,0.989407313997478,0.9894179894179894,0.9791463017269469,0.9831287125628745,0.008433842030968166
0.40884008407592776,0.08508045748150657,0.025641393661499024,0.007542133393703388,3,log2,5,200,"{'max_depth': 3, 'max_features': 'log2', 'min_samples_split': 5, 'n_estimators': 200}",0.9581699346405229,0.9581699346405229,0.9153439153439153,0.9581699346405229,1.0,0.9579707438530969,0.02677171608964413,31,0.9682539682539683,0.9894179894179894,0.9682539682539683,0.9894179894179894,0.9791463017269469,0.9788980434141724,0.009465651927558532
0.10280766487121581,0.013941740409559089,0.010781621932983399,0.0022258958686919264,3,log2,10,50,"{'max_depth': 3, 'max_features': 'log2', 'min_samples_split': 10, 'n_estimators': 50}",1.0,0.9581699346405229,0.9153439153439153,0.9581699346405229,1.0,0.9663367569249923,0.03162306668752773,1,0.9682539682539683,0.9894179894179894,0.989407313997478,0.9894179894179894,0.9687423687423687,0.9810479259659587,0.010247998684258275
0.2141392707824707,0.026299540311573222,0.015839290618896485,0.0017652887214650113,3,log2,10,100,"{'max_depth': 3, 'max_features': 'log2', 'min_samples_split': 10, 'n_estimators': 100}",1.0,0.9581699346405229,0.9153439153439153,0.9581699346405229,1.0,0.9663367569249923,0.03162306668752773,1,0.9682539682539683,0.9894179894179894,1.0,0.9894179894179894,0.9791463017269469,0.9852472497633787,0.010755714401921667
0.4644324779510498,0.09698289343288292,0.03132553100585937,0.006411817472268775,3,log2,10,200,"{'max_depth': 3, 'max_features': 'log2', 'min_samples_split': 10, 'n_estimators': 200}",0.9581699346405229,0.9581699346405229,0.9153439153439153,0.9581699346405229,1.0,0.9579707438530969,0.02677171608964413,31,0.9682539682539683,0.9894179894179894,0.9682539682539683,0.9894179894179894,0.9791463017269469,0.9788980434141724,0.009465651927558532
0.0978302001953125,0.012513591910871643,0.009575510025024414,0.001469123534465432,5,sqrt,2,50,"{'max_depth': 5, 'max_features': 'sqrt', 'min_samples_split': 2, 'n_estimators': 50}",1.0,0.9581699346405229,0.9153439153439153,0.9581699346405229,1.0,0.9663367569249923,0.03162306668752773,1,1.0,1.0,1.0,1.0,1.0,1.0,0.0
0.204788875579834,0.04960367624621778,0.01635122299194336,0.004652620437934421,5,sqrt,2,100,"{'max_depth': 5, 'max_features': 'sqrt', 'min_samples_split': 2, 'n_estimators': 100}",1.0,0.9581699346405229,0.9153439153439153,0.9581699346405229,1.0,0.9663367569249923,0.03162306668752773,1,1.0,1.0,1.0,1.0,1.0,1.0,0.0
0.4054413318634033,0.05810284755067947,0.026221179962158205,0.005668268144199,5,sqrt,2,200,"{'max_depth': 5, 'max_features': 'sqrt', 'min_samples_split': 2, 'n_estimators': 200}",0.9581699346405229,0.9581699346405229,0.9153439153439153,0.9581699346405229,1.0,0.9579707438530969,0.02677171608964413,31,1.0,1.0,1.0,1.0,1.0,1.0,0.0
0.0881302833557129,0.003865818305551682,0.009006929397583009,0.0009714071932589666,5,sqrt,5,50,"{'max_depth': 5, 'max_features': 'sqrt', 'min_samples_split': 5, 'n_estimators': 50}",0.9581699346405229,0.9581699346405229,0.9153439153439153,0.9581699346405229,1.0,0.9579707438530969,0.02677171608964413,31,0.9682539682539683,0.9894179894179894,1.0,0.9894179894179894,0.9895807895807897,0.9873341473341473,0.010375059079638737
0.2578826904296875,0.03981345824561401,0.019249534606933592,0.004273381822086114,5,sqrt,5,100,"{'max_depth': 5, 'max_features': 'sqrt', 'min_samples_split': 5, 'n_estimators': 100}",0.9581699346405229,0.9581699346405229,0.9153439153439153,0.9581699346405229,1.0,0.9579707438530969,0.02677171608964413,31,0.9788306451612904,0.9894179894179894,1.0,0.9894179894179894,0.9895807895807897,0.9894494827156117,0.006694659828873673
0.421085262298584,0.038555602307928295,0.030876827239990235,0.0013743986060774467,5,sqrt,5,200,"{'max_depth': 5, 'max_features': 'sqrt', 'min_samples_split': 5, 'n_estimators': 200}",0.9581699346405229,0.9581699346405229,0.9153439153439153,0.9581699346405229,1.0,0.9579707438530969,0.02677171608964413,31,0.9788306451612904,0.9894179894179894,1.0,0.9894179894179894,0.9791463017269469,0.9873625851448432,0.007854361091261563
0.11723451614379883,0.017666330273169575,0.011797285079956055,0.0015827955865099926,5,sqrt,10,50,"{'max_depth': 5, 'max_features': 'sqrt', 'min_samples_split': 10, 'n_estimators': 50}",1.0,0.9581699346405229,0.9153439153439153,0.9581699346405229,1.0,0.9663367569249923,0.03162306668752773,1,0.9682539682539683,0.9894179894179894,1.0,0.9894179894179894,0.9791463017269469,0.9852472497633787,0.010755714401921667
0.2552100658416748,0.01794153475139326,0.01836404800415039,0.0018618462717067514,5,sqrt,10,100,"{'max_depth': 5, 'max_features': 'sqrt', 'min_samples_split': 10, 'n_estimators': 100}",0.9581699346405229,0.9581699346405229,0.9153439153439153,0.9581699346405229,1.0,0.9579707438530969,0.02677171608964413,31,0.9682539682539683,0.9894179894179894,0.989407313997478,0.9894179894179894,0.9791463017269469,0.9831287125628745,0.008433842030968166
0.535915756225586,0.010989658706029687,0.036680984497070315,0.0022093136403190322,5,sqrt,10,200,"{'max_depth': 5, 'max_features': 'sqrt', 'min_samples_split': 10, 'n_estimators': 200}",0.9581699346405229,0.9581699346405229,0.9153439153439153,0.9581699346405229,1.0,0.9579707438530969,0.02677171608964413,31,0.9682539682539683,0.9894179894179894,0.9788306451612904,0.9894179894179894,0.9791463017269469,0.9810133787956369,0.00790351592263218
0.125093412399292,0.011132851589949831,0.012470531463623046,0.0006211085303995539,5,log2,2,50,"{'max_depth': 5, 'max_features': 'log2', 'min_samples_split': 2, 'n_estimators': 50}",1.0,0.9581699346405229,0.9153439153439153,0.9581699346405229,1.0,0.9663367569249923,0.03162306668752773,1,1.0,1.0,1.0,1.0,1.0,1.0,0.0
0.2589691638946533,0.031292405391348616,0.020572805404663087,0.0032094621455390293,5,log2,2,100,"{'max_depth': 5, 'max_features': 'log2', 'min_samples_split': 2, 'n_estimators': 100}",1.0,0.9581699346405229,0.9153439153439153,0.9581699346405229,1.0,0.9663367569249923,0.03162306668752773,1,1.0,1.0,1.0,1.0,1.0,1.0,0.0
0.5120989799499511,0.047104944245952796,0.0303286075592041,0.007232364557279786,5,log2,2,200,"{'max_depth': 5, 'max_features': 'log2', 'min_samples_split': 2, 'n_estimators': 200}",0.9581699346405229,0.9581699346405229,0.9153439153439153,0.9581699346405229,1.0,0.9579707438530969,0.02677171608964413,31,1.0,1.0,1.0,1.0,1.0,1.0,0.0
0.13355908393859864,0.012379901811682519,0.010887527465820312,0.0017676606059424049,5,log2,5,50,"{'max_depth': 5, 'max_features': 'log2', 'min_samples_split': 5, 'n_estimators': 50}",0.9581699346405229,0.9581699346405229,0.9153439153439153,0.9581699346405229,1.0,0.9579707438530969,0.02677171608964413,31,0.9682539682539683,0.9894179894179894,1.0,0.9894179894179894,0.9895807895807897,0.9873341473341473,0.010375059079638737
0.21912479400634766,0.03404727494836997,0.01731762886047363,0.00305799043236162,5,log2,5,100,"{'max_depth': 5, 'max_features': 'log2', 'min_samples_split': 5, 'n_estimators': 100}",0.9581699346405229,0.9581699346405229,0.9153439153439153,0.9581699346405229,1.0,0.9579707438530969,0.02677171608964413,31,0.9788306451612904,0.9894179894179894,1.0,0.9894179894179894,0.9895807895807897,0.9894494827156117,0.006694659828873673
0.39588637351989747,0.005122675235655195,0.02592782974243164,0.0005408773659326762,5,log2,5,200,"{'max_depth': 5, 'max_features': 'log2', 'min_samples_split': 5, 'n_estimators': 200}",0.9581699346405229,0.9581699346405229,0.9153439153439153,0.9581699346405229,1.0,0.9579707438530969,0.02677171608964413,31,0.9788306451612904,0.9894179894179894,1.0,0.9894179894179894,0.9791463017269469,0.9873625851448432,0.007854361091261563
0.12697806358337402,0.01741788764924052,0.013053274154663086,0.002746690851446616,5,log2,10,50,"{'max_depth': 5, 'max_features': 'log2', 'min_samples_split': 10, 'n_estimators': 50}",1.0,0.9581699346405229,0.9153439153439153,0.9581699346405229,1.0,0.9663367569249923,0.03162306668752773,1,0.9682539682539683,0.9894179894179894,1.0,0.9894179894179894,0.9791463017269469,0.9852472497633787,0.010755714401921667
0.23052544593811036,0.03718712486341208,0.01814303398132324,0.004598365465878543,5,log2,10,100,"{'max_depth': 5, 'max_features': 'log2', 'min_samples_split': 10, 'n_estimators': 100}",0.9581699346405229,0.9581699346405229,0.9153439153439153,0.9581699346405229,1.0,0.9579707438530969,0.02677171608964413,31,0.9682539682539683,0.9894179894179894,0.989407313997478,0.9894179894179894,0.9791463017269469,0.9831287125628745,0.008433842030968166
0.4764266014099121,0.08268445332159717,0.028893756866455077,0.0052632837700567325,5,log2,10,200,"{'max_depth': 5, 'max_features': 'log2', 'min_samples_split': 10, 'n_estimators': 200}",0.9581699346405229,0.9581699346405229,0.9153439153439153,0.9581699346405229,1.0,0.9579707438530969,0.02677171608964413,31,0.9682539682539683,0.9894179894179894,0.9788306451612904,0.9894179894179894,0.9791463017269469,0.9810133787956369,0.00790351592263218
0.10160179138183593,0.000826603759055332,0.009695100784301757,0.0008319028948284439,10,sqrt,2,50,"{'max_depth': 10, 'max_features': 'sqrt', 'min_samples_split': 2, 'n_estimators': 50}",1.0,0.9581699346405229,0.9153439153439153,0.9581699346405229,1.0,0.9663367569249923,0.03162306668752773,1,1.0,1.0,1.0,1.0,1.0,1.0,0.0
0.23404569625854493,0.04208642938403366,0.01648368835449219,0.0025119116855089395,10,sqrt,2,100,"{'max_depth': 10, 'max_features': 'sqrt', 'min_samples_split': 2, 'n_estimators': 100}",1.0,0.9581699346405229,0.9153439153439153,0.9581699346405229,1.0,0.9663367569249923,0.03162306668752773,1,1.0,1.0,1.0,1.0,1.0,1.0,0.0
0.42894539833068845,0.0829390647386585,0.028842687606811523,0.0054096091134746005,10,sqrt,2,200,"{'max_depth': 10, 'max_features': 'sqrt', 'min_samples_split': 2, 'n_estimators': 200}",0.9581699346405229,0.9581699346405229,0.9153439153439153,0.9581699346405229,1.0,0.9579707438530969,0.02677171608964413,31,1.0,1.0,1.0,1.0,1.0,1.0,0.0
0.11036567687988282,0.02175556700336801,0.011002683639526367,0.0017113030897569885,10,sqrt,5,50,"{'max_depth': 10, 'max_features': 'sqrt', 'min_samples_split': 5, 'n_estimators': 50}",0.9581699346405229,0.9581699346405229,0.9153439153439153,0.9581699346405229,1.0,0.9579707438530969,0.02677171608964413,31,0.9788306451612904,0.9894179894179894,1.0,0.9894179894179894,0.9895807895807897,0.9894494827156117,0.006694659828873673
0.2310575008392334,0.0450359114905097,0.01826763153076172,0.004635240839161126,10,sqrt,5,100,"{'max_depth': 10, 'max_features': 'sqrt', 'min_samples_split': 5, 'n_estimators': 100}",0.9581699346405229,0.9581699346405229,0.9153439153439153,0.9581699346405229,1.0,0.9579707438530969,0.02677171608964413,31,0.9788306451612904,0.9894179894179894,1.0,0.9894179894179894,0.9895807895807897,0.9894494827156117,0.006694659828873673
0.4339267730712891,0.07243462050622092,0.028890562057495118,0.006481765409443903,10,sqrt,5,200,"{'max_depth': 10, 'max_features': 'sqrt', 'min_samples_split': 5, 'n_estimators': 200}",0.9581699346405229,0.9581699346405229,0.9153439153439153,0.9581699346405229,1.0,0.9579707438530969,0.02677171608964413,31,0.9788306451612904,0.9894179894179894,1.0,0.9894179894179894,0.9791463017269469,0.9873625851448432,0.007854361091261563
0.11308407783508301,0.02108926013429109,0.01082310676574707,0.002129330964978366,10,sqrt,10,50,"{'max_depth': 10, 'max_features': 'sqrt', 'min_samples_split': 10, 'n_estimators': 50}",1.0,0.9581699346405229,0.9153439153439153,0.9581699346405229,1.0,0.9663367569249923,0.03162306668752773,1,0.9682539682539683,0.9894179894179894,1.0,0.9894179894179894,0.9791463017269469,0.9852472497633787,0.010755714401921667
0.23820672035217286,0.040920524689478724,0.019026851654052733,0.004868878385454336,10,sqrt,10,100,"{'max_depth': 10, 'max_features': 'sqrt', 'min_samples_split': 10, 'n_estimators': 100}",0.9581699346405229,0.9581699346405229,0.9153439153439153,0.9581699346405229,1.0,0.9579707438530969,0.02677171608964413,31,0.9682539682539683,0.9894179894179894,0.989407313997478,0.9894179894179894,0.9791463017269469,0.9831287125628745,0.008433842030968166
0.4385243892669678,0.0741525861203527,0.027375507354736327,0.006103114786247879,10,sqrt,10,200,"{'max_depth': 10, 'max_features': 'sqrt', 'min_samples_split': 10, 'n_estimators': 200}",0.9581699346405229,0.9581699346405229,0.9153439153439153,0.9581699346405229,1.0,0.9579707438530969,0.02677171608964413,31,0.9682539682539683,0.9894179894179894,0.9788306451612904,0.9894179894179894,0.9791463017269469,0.9810133787956369,0.00790351592263218
0.1134371280670166,0.02248331409840889,0.010545015335083008,0.002357118126584339,10,log2,2,50,"{'max_depth': 10, 'max_features': 'log2', 'min_samples_split': 2, 'n_estimators': 50}",1.0,0.9581699346405229,0.9153439153439153,0.9581699346405229,1.0,0.9663367569249923,0.03162306668752773,1,1.0,1.0,1.0,1.0,1.0,1.0,0.0
0.233274507522583,0.0484710876921888,0.017684745788574218,0.004591621069831094,10,log2,2,100,"{'max_depth': 10, 'max_features': 'log2', 'min_samples_split': 2, 'n_estimators': 100}",1.0,0.9581699346405229,0.9153439153439153,0.9581699346405229,1.0,0.9663367569249923,0.03162306668752773,1,1.0,1.0,1.0,1.0,1.0,1.0,0.0
0.4274281978607178,0.07934148823485264,0.028724193572998047,0.005482575251372699,10,log2,2,200,"{'max_depth': 10, 'max_features': 'log2', 'min_samples_split': 2, 'n_estimators': 200}",0.9581699346405229,0.9581699346405229,0.9153439153439153,0.9581699346405229,1.0,0.9579707438530969,0.02677171608964413,31,1.0,1.0,1.0,1.0,1.0,1.0,0.0
0.11392388343811036,0.023706524358221306,0.010866498947143555,0.0015399070363723642,10,log2,5,50,"{'max_depth': 10, 'max_features': 'log2', 'min_samples_split': 5, 'n_estimators': 50}",0.9581699346405229,0.9581699346405229,0.9153439153439153,0.9581699346405229,1.0,0.9579707438530969,0.02677171608964413,31,0.9788306451612904,0.9894179894179894,1.0,0.9894179894179894,0.9895807895807897,0.9894494827156117,0.006694659828873673
0.21562705039978028,0.03903446310519563,0.01612720489501953,0.0026181958060717304,10,log2,5,100,"{'max_depth': 10, 'max_features': 'log2', 'min_samples_split': 5, 'n_estimators': 100}",0.9581699346405229,0.9581699346405229,0.9153439153439153,0.9581699346405229,1.0,0.9579707438530969,0.02677171608964413,31,0.9788306451612904,0.9894179894179894,1.0,0.9894179894179894,0.9895807895807897,0.9894494827156117,0.006694659828873673
0.473829984664917,0.08552022579332096,0.03095836639404297,0.006603879403602267,10,log2,5,200,"{'max_depth': 10, 'max_features': 'log2', 'min_samples_split': 5, 'n_estimators': 200}",0.9581699346405229,0.9581699346405229,0.9153439153439153,0.9581699346405229,1.0,0.9579707438530969,0.02677171608964413,31,0.9788306451612904,0.9894179894179894,1.0,0.9894179894179894,0.9791463017269469,0.9873625851448432,0.007854361091261563
0.10444259643554688,0.002367288713855272,0.009500503540039062,0.0005140180488957373,10,log2,10,50,"{'max_depth': 10, 'max_features': 'log2', 'min_samples_split': 10, 'n_estimators': 50}",1.0,0.9581699346405229,0.9153439153439153,0.9581699346405229,1.0,0.9663367569249923,0.03162306668752773,1,0.9682539682539683,0.9894179894179894,1.0,0.9894179894179894,0.9791463017269469,0.9852472497633787,0.010755714401921667
0.22407021522521972,0.031758379304885835,0.015929555892944335,0.0029050902945781387,10,log2,10,100,"{'max_depth': 10, 'max_features': 'log2', 'min_samples_split': 10, 'n_estimators': 100}",0.9581699346405229,0.9581699346405229,0.9153439153439153,0.9581699346405229,1.0,0.9579707438530969,0.02677171608964413,31,0.9682539682539683,0.9894179894179894,0.989407313997478,0.9894179894179894,0.9791463017269469,0.9831287125628745,0.008433842030968166
0.4240907669067383,0.08062924961644787,0.028565597534179688,0.005749500720432847,10,log2,10,200,"{'max_depth': 10, 'max_features': 'log2', 'min_samples_split': 10, 'n_estimators': 200}",0.9581699346405229,0.9581699346405229,0.9153439153439153,0.9581699346405229,1.0,0.9579707438530969,0.02677171608964413,31,0.9682539682539683,0.9894179894179894,0.9788306451612904,0.9894179894179894,0.9791463017269469,0.9810133787956369,0.00790351592263218
0.11014318466186523,0.019316634082424837,0.010672712326049804,0.0022982752388418133,,sqrt,2,50,"{'max_depth': None, 'max_features': 'sqrt', 'min_samples_split': 2, 'n_estimators': 50}",1.0,0.9581699346405229,0.9153439153439153,0.9581699346405229,1.0,0.9663367569249923,0.03162306668752773,1,1.0,1.0,1.0,1.0,1.0,1.0,0.0
0.23311824798583985,0.04423534543746192,0.018525123596191406,0.004692031796646272,,sqrt,2,100,"{'max_depth': None, 'max_features': 'sqrt', 'min_samples_split': 2, 'n_estimators': 100}",1.0,0.9581699346405229,0.9153439153439153,0.9581699346405229,1.0,0.9663367569249923,0.03162306668752773,1,1.0,1.0,1.0,1.0,1.0,1.0,0.0
0.4317452430725098,0.0674164825416007,0.028863048553466795,0.005414878873370003,,sqrt,2,200,"{'max_depth': None, 'max_features': 'sqrt', 'min_samples_split': 2, 'n_estimators': 200}",0.9581699346405229,0.9581699346405229,0.9153439153439153,0.9581699346405229,1.0,0.9579707438530969,0.02677171608964413,31,1.0,1.0,1.0,1.0,1.0,1.0,0.0
0.11038498878479004,0.017335732181548165,0.010257482528686523,0.0009629054458098205,,sqrt,5,50,"{'max_depth': None, 'max_features': 'sqrt', 'min_samples_split': 5, 'n_estimators': 50}",0.9581699346405229,0.9581699346405229,0.9153439153439153,0.9581699346405229,1.0,0.9579707438530969,0.02677171608964413,31,0.9788306451612904,0.9894179894179894,1.0,0.9894179894179894,0.9895807895807897,0.9894494827156117,0.006694659828873673
0.23590707778930664,0.04165657735643136,0.019081830978393555,0.00617718400560909,,sqrt,5,100,"{'max_depth': None, 'max_features': 'sqrt', 'min_samples_split': 5, 'n_estimators': 100}",0.9581699346405229,0.9581699346405229,0.9153439153439153,0.9581699346405229,1.0,0.9579707438530969,0.02677171608964413,31,0.9788306451612904,0.9894179894179894,1.0,0.9894179894179894,0.9895807895807897,0.9894494827156117,0.006694659828873673
0.4661726474761963,0.042781049686415766,0.036859750747680664,0.0062004216577187694,,sqrt,5,200,"{'max_depth': None, 'max_features': 'sqrt', 'min_samples_split': 5, 'n_estimators': 200}",0.9581699346405229,0.9581699346405229,0.9153439153439153,0.9581699346405229,1.0,0.9579707438530969,0.02677171608964413,31,0.9788306451612904,0.9894179894179894,1.0,0.9894179894179894,0.9791463017269469,0.9873625851448432,0.007854361091261563
0.11881189346313477,0.009810123720778037,0.011925172805786134,0.0027529150680529833,,sqrt,10,50,"{'max_depth': None, 'max_features': 'sqrt', 'min_samples_split': 10, 'n_estimators': 50}",1.0,0.9581699346405229,0.9153439153439153,0.9581699346405229,1.0,0.9663367569249923,0.03162306668752773,1,0.9682539682539683,0.9894179894179894,1.0,0.9894179894179894,0.9791463017269469,0.9852472497633787,0.010755714401921667
0.23610830307006836,0.03198883607967762,0.021142053604125976,0.004596861453456749,,sqrt,10,100,"{'max_depth': None, 'max_features': 'sqrt', 'min_samples_split': 10, 'n_estimators': 100}",0.9581699346405229,0.9581699346405229,0.9153439153439153,0.9581699346405229,1.0,0.9579707438530969,0.02677171608964413,31,0.9682539682539683,0.9894179894179894,0.989407313997478,0.9894179894179894,0.9791463017269469,0.9831287125628745,0.008433842030968166
0.541321086883545,0.02719694316685925,0.033080101013183594,0.007037460088491543,,sqrt,10,200,"{'max_depth': None, 'max_features': 'sqrt', 'min_samples_split': 10, 'n_estimators': 200}",0.9581699346405229,0.9581699346405229,0.9153439153439153,0.9581699346405229,1.0,0.9579707438530969,0.02677171608964413,31,0.9682539682539683,0.9894179894179894,0.9788306451612904,0.9894179894179894,0.9791463017269469,0.9810133787956369,0.00790351592263218
0.14641098976135253,0.004563668081679822,0.01312103271484375,0.001119369664244384,,log2,2,50,"{'max_depth': None, 'max_features': 'log2', 'min_samples_split': 2, 'n_estimators': 50}",1.0,0.9581699346405229,0.9153439153439153,0.9581699346405229,1.0,0.9663367569249923,0.03162306668752773,1,1.0,1.0,1.0,1.0,1.0,1.0,0.0
0.25347199440002444,0.020285618437800707,0.016347646713256836,0.0022663075852450035,,log2,2,100,"{'max_depth': None, 'max_features': 'log2', 'min_samples_split': 2, 'n_estimators': 100}",1.0,0.9581699346405229,0.9153439153439153,0.9581699346405229,1.0,0.9663367569249923,0.03162306668752773,1,1.0,1.0,1.0,1.0,1.0,1.0,0.0
0.7439594745635987,0.09179354477669305,0.04464325904846191,0.01604054075117928,,log2,2,200,"{'max_depth': None, 'max_features': 'log2', 'min_samples_split': 2, 'n_estimators': 200}",0.9581699346405229,0.9581699346405229,0.9153439153439153,0.9581699346405229,1.0,0.9579707438530969,0.02677171608964413,31,1.0,1.0,1.0,1.0,1.0,1.0,0.0
0.13738422393798827,0.01853099148924421,0.012773466110229493,0.0016661632996470858,,log2,5,50,"{'max_depth': None, 'max_features': 'log2', 'min_samples_split': 5, 'n_estimators': 50}",0.9581699346405229,0.9581699346405229,0.9153439153439153,0.9581699346405229,1.0,0.9579707438530969,0.02677171608964413,31,0.9788306451612904,0.9894179894179894,1.0,0.9894179894179894,0.9895807895807897,0.9894494827156117,0.006694659828873673
0.545100736618042,0.07352942198847721,0.02291531562805176,0.001346849132226353,,log2,5,100,"{'max_depth': None, 'max_features': 'log2', 'min_samples_split': 5, 'n_estimators': 100}",0.9581699346405229,0.9581699346405229,0.9153439153439153,0.9581699346405229,1.0,0.9579707438530969,0.02677171608964413,31,0.9788306451612904,0.9894179894179894,1.0,0.9894179894179894,0.9895807895807897,0.9894494827156117,0.006694659828873673
0.6422868728637695,0.06487895433804519,0.034534883499145505,0.007340661127745347,,log2,5,200,"{'max_depth': None, 'max_features': 'log2', 'min_samples_split': 5, 'n_estimators': 200}",0.9581699346405229,0.9581699346405229,0.9153439153439153,0.9581699346405229,1.0,0.9579707438530969,0.02677171608964413,31,0.9788306451612904,0.9894179894179894,1.0,0.9894179894179894,0.9791463017269469,0.9873625851448432,0.007854361091261563
0.1358340263366699,0.002601155830003633,0.010996723175048828,0.0007249679886238321,,log2,10,50,"{'max_depth': None, 'max_features': 'log2', 'min_samples_split': 10, 'n_estimators': 50}",1.0,0.9581699346405229,0.9153439153439153,0.9581699346405229,1.0,0.9663367569249923,0.03162306668752773,1,0.9682539682539683,0.9894179894179894,1.0,0.9894179894179894,0.9791463017269469,0.9852472497633787,0.010755714401921667
0.21338810920715331,0.006658512382109062,0.01656312942504883,0.001587834919198019,,log2,10,100,"{'max_depth': None, 'max_features': 'log2', 'min_samples_split': 10, 'n_estimators': 100}",0.9581699346405229,0.9581699346405229,0.9153439153439153,0.9581699346405229,1.0,0.9579707438530969,0.02677171608964413,31,0.9682539682539683,0.9894179894179894,0.989407313997478,0.9894179894179894,0.9791463017269469,0.9831287125628745,0.008433842030968166
0.3922919750213623,0.023891272483776337,0.022855520248413086,0.0034480952724494883,,log2,10,200,"{'max_depth': None, 'max_features': 'log2', 'min_samples_split': 10, 'n_estimators': 200}",0.9581699346405229,0.9581699346405229,0.9153439153439153,0.9581699346405229,1.0,0.9579707438530969,0.02677171608964413,31,0.9682539682539683,0.9894179894179894,0.9788306451612904,0.9894179894179894,0.9791463017269469,0.9810133787956369,0.00790351592263218
