mean_fit_time,std_fit_time,mean_score_time,std_score_time,param_n_estimators,param_min_samples_split,param_max_features,param_max_depth,params,split0_test_score,split1_test_score,split2_test_score,split3_test_score,split4_test_score,mean_test_score,std_test_score,rank_test_score,split0_train_score,split1_train_score,split2_train_score,split3_train_score,split4_train_score,mean_train_score,std_train_score
0.3682223320007324,0.039264308222223855,0.01569523811340332,0.001135803736106796,100,5,sqrt,3,"{'n_estimators': 100, 'min_samples_split': 5, 'max_features': 'sqrt', 'max_depth': 3}",1.0,0.9581699346405229,0.9153439153439153,0.9581699346405229,1.0,0.9663367569249923,0.03162306668752773,1,0.9682539682539683,0.9894179894179894,0.989407313997478,0.9894179894179894,0.9791463017269469,0.9831287125628745,0.008433842030968166
0.5372385501861572,0.024649914376582756,0.026129627227783205,0.0033456702228405193,200,10,sqrt,,"{'n_estimators': 200, 'min_samples_split': 10, 'max_features': 'sqrt', 'max_depth': None}",0.9581699346405229,0.9581699346405229,0.9153439153439153,0.9581699346405229,1.0,0.9579707438530969,0.02677171608964413,17,0.9682539682539683,0.9894179894179894,0.9788306451612904,0.9894179894179894,0.9791463017269469,0.9810133787956369,0.00790351592263218
0.15877695083618165,0.052897815938353396,0.013586854934692383,0.0035560043061825582,50,2,sqrt,5,"{'n_estimators': 50, 'min_samples_split': 2, 'max_features': 'sqrt', 'max_depth': 5}",1.0,0.9581699346405229,0.9153439153439153,0.9581699346405229,1.0,0.9663367569249923,0.03162306668752773,1,1.0,1.0,1.0,1.0,1.0,1.0,0.0
0.10985393524169922,0.01282774849911068,0.009551906585693359,0.0008966973993550088,50,2,sqrt,3,"{'n_estimators': 50, 'min_samples_split': 2, 'max_features': 'sqrt', 'max_depth': 3}",1.0,0.9581699346405229,0.9153439153439153,0.9581699346405229,1.0,0.9663367569249923,0.03162306668752773,1,0.9682539682539683,0.9894179894179894,1.0,0.9894179894179894,0.9791463017269469,0.9852472497633787,0.010755714401921667
0.2319779872894287,0.011078651380038855,0.01568002700805664,0.0026575798416908878,100,2,log2,5,"{'n_estimators': 100, 'min_samples_split': 2, 'max_features': 'log2', 'max_depth': 5}",1.0,0.9581699346405229,0.9153439153439153,0.9581699346405229,1.0,0.9663367569249923,0.03162306668752773,1,1.0,1.0,1.0,1.0,1.0,1.0,0.0
0.39295110702514646,0.02493580139035072,0.02806882858276367,0.003947530034560221,200,5,log2,10,"{'n_estimators': 200, 'min_samples_split': 5, 'max_features': 'log2', 'max_depth': 10}",0.9581699346405229,0.9581699346405229,0.9153439153439153,0.9581699346405229,1.0,0.9579707438530969,0.02677171608964413,17,0.9788306451612904,0.9894179894179894,1.0,0.9894179894179894,0.9791463017269469,0.9873625851448432,0.007854361091261563
0.1837552547454834,0.006506192607890244,0.0163022518157959,0.0028878617467288695,100,2,log2,3,"{'n_estimators': 100, 'min_samples_split': 2, 'max_features': 'log2', 'max_depth': 3}",1.0,0.9581699346405229,0.9153439153439153,0.9581699346405229,1.0,0.9663367569249923,0.03162306668752773,1,0.9682539682539683,0.9894179894179894,1.0,0.9894179894179894,0.9791463017269469,0.9852472497633787,0.010755714401921667
0.20103030204772948,0.010103975878822412,0.015744590759277345,0.002362011472644437,100,10,log2,5,"{'n_estimators': 100, 'min_samples_split': 10, 'max_features': 'log2', 'max_depth': 5}",0.9581699346405229,0.9581699346405229,0.9153439153439153,0.9581699346405229,1.0,0.9579707438530969,0.02677171608964413,17,0.9682539682539683,0.9894179894179894,0.989407313997478,0.9894179894179894,0.9791463017269469,0.9831287125628745,0.008433842030968166
0.10856142044067382,0.02153779023216207,0.011246585845947265,0.004736742706702288,50,5,log2,3,"{'n_estimators': 50, 'min_samples_split': 5, 'max_features': 'log2', 'max_depth': 3}",1.0,0.9581699346405229,0.9153439153439153,0.9581699346405229,1.0,0.9663367569249923,0.03162306668752773,1,0.9682539682539683,0.9894179894179894,0.989407313997478,0.9894179894179894,0.9687423687423687,0.9810479259659587,0.010247998684258275
0.09183173179626465,0.0049850685623521965,0.009065866470336914,0.0006641816661380271,50,2,sqrt,,"{'n_estimators': 50, 'min_samples_split': 2, 'max_features': 'sqrt', 'max_depth': None}",1.0,0.9581699346405229,0.9153439153439153,0.9581699346405229,1.0,0.9663367569249923,0.03162306668752773,1,1.0,1.0,1.0,1.0,1.0,1.0,0.0
0.4708407878875732,0.05391118438260591,0.030846881866455077,0.005293803161164264,200,2,log2,10,"{'n_estimators': 200, 'min_samples_split': 2, 'max_features': 'log2', 'max_depth': 10}",0.9581699346405229,0.9581699346405229,0.9153439153439153,0.9581699346405229,1.0,0.9579707438530969,0.02677171608964413,17,1.0,1.0,1.0,1.0,1.0,1.0,0.0
0.2171483516693115,0.03322556671901677,0.01593360900878906,0.0026753321869331247,100,5,log2,5,"{'n_estimators': 100, 'min_samples_split': 5, 'max_features': 'log2', 'max_depth': 5}",0.9581699346405229,0.9581699346405229,0.9153439153439153,0.9581699346405229,1.0,0.9579707438530969,0.02677171608964413,17,0.9788306451612904,0.9894179894179894,1.0,0.9894179894179894,0.9895807895807897,0.9894494827156117,0.006694659828873673
0.10349040031433106,0.017718902340293177,0.01110539436340332,0.002926835564754295,50,2,log2,3,"{'n_estimators': 50, 'min_samples_split': 2, 'max_features': 'log2', 'max_depth': 3}",1.0,0.9581699346405229,0.9153439153439153,0.9581699346405229,1.0,0.9663367569249923,0.03162306668752773,1,0.9682539682539683,0.9894179894179894,1.0,0.9894179894179894,0.9791463017269469,0.9852472497633787,0.010755714401921667
0.10774011611938476,0.019498130915093215,0.01012277603149414,0.0017603540812608346,50,2,log2,10,"{'n_estimators': 50, 'min_samples_split': 2, 'max_features': 'log2', 'max_depth': 10}",1.0,0.9581699346405229,0.9153439153439153,0.9581699346405229,1.0,0.9663367569249923,0.03162306668752773,1,1.0,1.0,1.0,1.0,1.0,1.0,0.0
0.37603020668029785,0.06949267813557851,0.025757884979248045,0.005663836380802584,200,5,sqrt,3,"{'n_estimators': 200, 'min_samples_split': 5, 'max_features': 'sqrt', 'max_depth': 3}",0.9581699346405229,0.9581699346405229,0.9153439153439153,0.9581699346405229,1.0,0.9579707438530969,0.02677171608964413,17,0.9682539682539683,0.9894179894179894,0.9682539682539683,0.9894179894179894,0.9791463017269469,0.9788980434141724,0.009465651927558532
0.30216593742370607,0.12367499044629475,0.02585601806640625,0.011440383164181906,100,5,sqrt,5,"{'n_estimators': 100, 'min_samples_split': 5, 'max_features': 'sqrt', 'max_depth': 5}",0.9581699346405229,0.9581699346405229,0.9153439153439153,0.9581699346405229,1.0,0.9579707438530969,0.02677171608964413,17,0.9788306451612904,0.9894179894179894,1.0,0.9894179894179894,0.9895807895807897,0.9894494827156117,0.006694659828873673
0.5099462509155274,0.257577084378183,0.030174398422241212,0.013416729175681949,200,2,sqrt,,"{'n_estimators': 200, 'min_samples_split': 2, 'max_features': 'sqrt', 'max_depth': None}",0.9581699346405229,0.9581699346405229,0.9153439153439153,0.9581699346405229,1.0,0.9579707438530969,0.02677171608964413,17,1.0,1.0,1.0,1.0,1.0,1.0,0.0
0.223193359375,0.032888328357814176,0.019908428192138672,0.005579242619281951,100,5,log2,10,"{'n_estimators': 100, 'min_samples_split': 5, 'max_features': 'log2', 'max_depth': 10}",0.9581699346405229,0.9581699346405229,0.9153439153439153,0.9581699346405229,1.0,0.9579707438530969,0.02677171608964413,17,0.9788306451612904,0.9894179894179894,1.0,0.9894179894179894,0.9895807895807897,0.9894494827156117,0.006694659828873673
0.10590839385986328,0.01276137519872155,0.01147918701171875,0.0050725845457677025,50,10,log2,5,"{'n_estimators': 50, 'min_samples_split': 10, 'max_features': 'log2', 'max_depth': 5}",1.0,0.9581699346405229,0.9153439153439153,0.9581699346405229,1.0,0.9663367569249923,0.03162306668752773,1,0.9682539682539683,0.9894179894179894,1.0,0.9894179894179894,0.9791463017269469,0.9852472497633787,0.010755714401921667
0.15982322692871093,0.12326968695416511,0.009855127334594727,0.0021099409837398823,50,5,sqrt,10,"{'n_estimators': 50, 'min_samples_split': 5, 'max_features': 'sqrt', 'max_depth': 10}",0.9581699346405229,0.9581699346405229,0.9153439153439153,0.9581699346405229,1.0,0.9579707438530969,0.02677171608964413,17,0.9788306451612904,0.9894179894179894,1.0,0.9894179894179894,0.9895807895807897,0.9894494827156117,0.006694659828873673
0.5145025730133057,0.11586872595248918,0.03478426933288574,0.006397800096816088,200,5,sqrt,,"{'n_estimators': 200, 'min_samples_split': 5, 'max_features': 'sqrt', 'max_depth': None}",0.9581699346405229,0.9581699346405229,0.9153439153439153,0.9581699346405229,1.0,0.9579707438530969,0.02677171608964413,17,0.9788306451612904,0.9894179894179894,1.0,0.9894179894179894,0.9791463017269469,0.9873625851448432,0.007854361091261563
0.25003204345703123,0.06822915863537903,0.023000669479370118,0.008902805553279438,100,10,log2,3,"{'n_estimators': 100, 'min_samples_split': 10, 'max_features': 'log2', 'max_depth': 3}",1.0,0.9581699346405229,0.9153439153439153,0.9581699346405229,1.0,0.9663367569249923,0.03162306668752773,1,0.9682539682539683,0.9894179894179894,1.0,0.9894179894179894,0.9791463017269469,0.9852472497633787,0.010755714401921667
0.4118837356567383,0.10861478058964139,0.02631683349609375,0.0034668774721616277,200,10,log2,5,"{'n_estimators': 200, 'min_samples_split': 10, 'max_features': 'log2', 'max_depth': 5}",0.9581699346405229,0.9581699346405229,0.9153439153439153,0.9581699346405229,1.0,0.9579707438530969,0.02677171608964413,17,0.9682539682539683,0.9894179894179894,0.9788306451612904,0.9894179894179894,0.9791463017269469,0.9810133787956369,0.00790351592263218
0.6727608680725098,0.19784048139639407,0.0404660701751709,0.008264263160435097,200,10,sqrt,10,"{'n_estimators': 200, 'min_samples_split': 10, 'max_features': 'sqrt', 'max_depth': 10}",0.9581699346405229,0.9581699346405229,0.9153439153439153,0.9581699346405229,1.0,0.9579707438530969,0.02677171608964413,17,0.9682539682539683,0.9894179894179894,0.9788306451612904,0.9894179894179894,0.9791463017269469,0.9810133787956369,0.00790351592263218
0.12575721740722656,0.035118642290497,0.013233613967895509,0.005465715801151837,50,10,log2,,"{'n_estimators': 50, 'min_samples_split': 10, 'max_features': 'log2', 'max_depth': None}",1.0,0.9581699346405229,0.9153439153439153,0.9581699346405229,1.0,0.9663367569249923,0.03162306668752773,1,0.9682539682539683,0.9894179894179894,1.0,0.9894179894179894,0.9791463017269469,0.9852472497633787,0.010755714401921667
0.21156206130981445,0.057974552287070394,0.01916050910949707,0.010471002678702266,100,10,sqrt,3,"{'n_estimators': 100, 'min_samples_split': 10, 'max_features': 'sqrt', 'max_depth': 3}",1.0,0.9581699346405229,0.9153439153439153,0.9581699346405229,1.0,0.9663367569249923,0.03162306668752773,1,0.9682539682539683,0.9894179894179894,1.0,0.9894179894179894,0.9791463017269469,0.9852472497633787,0.010755714401921667
0.2119659423828125,0.06597338536177413,0.014996194839477539,0.004486562383961413,100,2,sqrt,,"{'n_estimators': 100, 'min_samples_split': 2, 'max_features': 'sqrt', 'max_depth': None}",1.0,0.9581699346405229,0.9153439153439153,0.9581699346405229,1.0,0.9663367569249923,0.03162306668752773,1,1.0,1.0,1.0,1.0,1.0,1.0,0.0
0.12065272331237793,0.042345075436699776,0.01410055160522461,0.004474632931075409,50,10,sqrt,10,"{'n_estimators': 50, 'min_samples_split': 10, 'max_features': 'sqrt', 'max_depth': 10}",1.0,0.9581699346405229,0.9153439153439153,0.9581699346405229,1.0,0.9663367569249923,0.03162306668752773,1,0.9682539682539683,0.9894179894179894,1.0,0.9894179894179894,0.9791463017269469,0.9852472497633787,0.010755714401921667
0.11907978057861328,0.033187276486043506,0.011204814910888672,0.0036396426249499948,50,5,log2,5,"{'n_estimators': 50, 'min_samples_split': 5, 'max_features': 'log2', 'max_depth': 5}",0.9581699346405229,0.9581699346405229,0.9153439153439153,0.9581699346405229,1.0,0.9579707438530969,0.02677171608964413,17,0.9682539682539683,0.9894179894179894,1.0,0.9894179894179894,0.9895807895807897,0.9873341473341473,0.010375059079638737
0.20896430015563966,0.029475576280281246,0.01300201416015625,0.003365012691491652,100,2,log2,10,"{'n_estimators': 100, 'min_samples_split': 2, 'max_features': 'log2', 'max_depth': 10}",1.0,0.9581699346405229,0.9153439153439153,0.9581699346405229,1.0,0.9663367569249923,0.03162306668752773,1,1.0,1.0,1.0,1.0,1.0,1.0,0.0
